{
  "generation": 3,
  "archive_size": 5,
  "designs": [
    {
      "generation": 0,
      "fitness": {
        "stability": 1.0,
        "load_test": 1.0,
        "mirror_symmetry_x": 0.04741821492091454,
        "mirror_symmetry_y": 0.0,
        "rotational_symmetry": 0.0,
        "proportion_score": 0.8697262232075359,
        "balance_score": 0.8729751501403543,
        "visual_weight_balance": 0.5451698826574385,
        "material_efficiency": 0.16014046873059795,
        "structural_efficiency": 0.014301641707272493,
        "total": 0.6721126921507208
      },
      "novelty": 1.0,
      "num_components": 10,
      "fingerprint": [
        0.6666666666666666,
        0.289390249705142,
        0.3719516827910411,
        0.4284314844401524,
        0.0,
        0.7,
        0.3,
        0.0,
        0.0,
        0.03115468291569732,
        0.0,
        0.1,
        0.8,
        0.8876658849052418,
        0.2,
        0.0,
        0.0,
        0.0,
        0.0,
        0.0
      ]
    },
    {
      "generation": 0,
      "fitness": {
        "stability": 1.0,
        "load_test": 1.0,
        "mirror_symmetry_x": 0.0,
        "mirror_symmetry_y": 0.0,
        "rotational_symmetry": 0.0,
        "proportion_score": 0.9105630875886788,
        "balance_score": 0.5594172619866553,
        "visual_weight_balance": 0.5479847275700529,
        "material_efficiency": 0.04735976950170917,
        "structural_efficiency": 0.044201862094200184,
        "total": 0.6375188688992108
      },
      "novelty": 1.0,
      "num_components": 5,
      "fingerprint": [
        0.3333333333333333,
        0.22644298748470626,
        0.4350855365182762,
        0.6404636936816328,
        0.0,
        0.8,
        0.2,
        0.0,
        0.014913371876002567,
        0.0,
        0.0,
        0.2,
        0.6,
        0.8980226614157334,
        0.4,
        0.0,
        0.0,
        0.0,
        0.0,
        0.0
      ]
    },
    {
      "generation": 1,
      "fitness": {
        "stability": 1.0,
        "load_test": 1.0,
        "mirror_symmetry_x": 0.0,
        "mirror_symmetry_y": 0.0,
        "rotational_symmetry": 0.0,
        "proportion_score": 0.9105630875886788,
        "balance_score": 0.5459262229768019,
        "visual_weight_balance": 0.52413580237392,
        "material_efficiency": 0.03918560711928332,
        "structural_efficiency": 0.053422420991341306,
        "total": 0.6351483270596234
      },
      "novelty": 0.2611243774014798,
      "num_components": 5,
      "fingerprint": [
        0.3333333333333333,
        0.22644298748470626,
        0.4350855365182762,
        0.6404636936816328,
        0.2,
        0.6,
        0.2,
        0.0,
        0.014913371876002567,
        0.0,
        0.0,
        0.2,
        0.6,
        1.1902704649743923,
        0.4,
        0.0,
        0.0,
        0.0,
        0.0,
        0.0
      ]
    },
    {
      "generation": 2,
      "fitness": {
        "stability": 1.0,
        "load_test": 1.0,
        "mirror_symmetry_x": 0.0,
        "mirror_symmetry_y": 0.0,
        "rotational_symmetry": 0.0,
        "proportion_score": 0.9141773417754755,
        "balance_score": 0,
        "visual_weight_balance": 0.6429826826613809,
        "material_efficiency": 0.07741660525987182,
        "structural_efficiency": 0.02585694994122761,
        "total": 0.587743455110586
      },
      "novelty": 0.2752116226748855,
      "num_components": 8,
      "fingerprint": [
        0.5333333333333333,
        0.2273391729066843,
        0.3111785962425828,
        0.4562618814052957,
        0.375,
        0.5,
        0.125,
        0.0,
        0.009320857422501605,
        0.0,
        0.0,
        0.125,
        0.6,
        0.8576772832380358,
        0.25,
        0.0,
        0.0,
        0.0,
        0.0,
        0.0
      ]
    },
    {
      "generation": 3,
      "fitness": {
        "stability": 1.0,
        "load_test": 1.0,
        "mirror_symmetry_x": 0.0,
        "mirror_symmetry_y": 0.0,
        "rotational_symmetry": 0.0,
        "proportion_score": 0.8968236834041178,
        "balance_score": 0.7989151143176472,
        "visual_weight_balance": 0.5379014672254953,
        "material_efficiency": 0.19232462902278202,
        "structural_efficiency": 0.007933749072470981,
        "total": 0.6624032661420687
      },
      "novelty": 0.5360455705638181,
      "num_components": 13,
      "fingerprint": [
        0.8666666666666667,
        0.434367696375689,
        0.5582903908532574,
        0.4284314844401524,
        0.23076923076923078,
        0.5384615384615384,
        0.23076923076923078,
        0.0,
        0.030067274653140543,
        0.044640613983204964,
        0.03510630273610991,
        0.3076923076923077,
        0.8,
        1.8210383856395207,
        0.15384615384615385,
        0.0,
        0.0,
        0.0,
        0.0,
        0.0
      ]
    }
  ]
}