{
  "timestamp_utc": "2026-02-11T08:52:35.397802+00:00",
  "slot": "A",
  "mode": "voxel",
  "mesh_source": {
    "path": "/Users/alexanderlamb/projects/text-to-furniture/uploads/generated_mesh.glb",
    "vertices": 19115,
    "faces": 29998,
    "bounds": [
      [
        -0.9569410085678101,
        -0.308445006608963,
        -0.4460659921169281
      ],
      [
        0.9550129771232605,
        0.3062889873981476,
        0.444256991147995
      ]
    ],
    "extents": [
      1.9119539856910706,
      0.6147339940071106,
      0.8903229832649231
    ],
    "watertight": false,
    "surface_area": 4.612391472095538,
    "volume": 0.12403886138414505
  },
  "mesh_viewer": {
    "path": "/Users/alexanderlamb/projects/text-to-furniture/uploads/generated_mesh_normalized.glb",
    "vertices": 19115,
    "faces": 29998,
    "bounds": [
      [
        -0.9559769630432129,
        0.0,
        -0.44516149163246155
      ],
      [
        0.9559769630432129,
        0.6147339940071106,
        0.44516149163246155
      ]
    ],
    "extents": [
      1.9119539260864258,
      0.6147339940071106,
      0.8903229832649231
    ],
    "watertight": false,
    "surface_area": 4.612391460076402,
    "volume": 0.12403886116463896
  },
  "mesh_decomposition_mm": {
    "bounds": [
      [
        -1166.3300738593257,
        -543.1147813187054,
        0.0
      ],
      [
        1166.3300738593257,
        543.1147813187054,
        750.0
      ]
    ],
    "extents": [
      2332.6601477186514,
      1086.2295626374107,
      750.0
    ]
  },
  "parts_decomposition_mm_aabb": {
    "min": [
      -380.78976368503777,
      -304.8756293178804,
      9.202702637561575
    ],
    "max": [
      381.2153691240168,
      304.74317729269063,
      18.144328466787748
    ],
    "extents": [
      762.0051328090545,
      609.618806610571,
      8.941625829226172
    ]
  },
  "parts_viewer_aabb": {
    "min": [
      -0.38078976368503775,
      0.009202702637561557,
      -0.3047431772926906
    ],
    "max": [
      0.3812153691240168,
      0.018144328466787766,
      0.30487562931788037
    ],
    "extents": [
      0.7620051328090546,
      0.008941625829226208,
      0.609618806610571
    ]
  },
  "fit_metrics": {
    "decomp_height_ratio_parts_to_mesh": 0.011922167772301564,
    "decomp_width_ratio_parts_to_mesh": 0.3266678746813152,
    "decomp_depth_ratio_parts_to_mesh": 0.5612246504600659,
    "viewer_height_ratio_parts_to_mesh": 0.01454552036554982,
    "viewer_width_ratio_parts_to_mesh": 0.39854785327845277,
    "viewer_depth_ratio_parts_to_mesh": 0.6847164658998518
  },
  "decomposition_debug": {
    "mesh_bounds_mm": [
      [
        -1166.3300738593257,
        -543.1147813187054,
        0.0
      ],
      [
        1166.3300738593257,
        543.1147813187054,
        750.0
      ]
    ],
    "mesh_extents_mm": [
      2332.6601477186514,
      1086.2295626374107,
      750.0
    ],
    "voxel_resolution_mm": 13.5,
    "voxel_shape": [
      173,
      81,
      57
    ],
    "voxel_filled_shell_count": 36837,
    "dominant_orientation_count": 67,
    "dominant_orientations": [
      {
        "normal": [
          -0.006716667532228098,
          0.0021945204274518254,
          0.9999750349170499
        ],
        "area_mm2": 4797238.429400182
      },
      {
        "normal": [
          0.9999897878179168,
          0.0029021608633750876,
          -0.0034643501844649057
        ],
        "area_mm2": 358980.43122180516
      },
      {
        "normal": [
          -0.0013548087242221405,
          0.9999979925062278,
          -0.0014763051293397633
        ],
        "area_mm2": 347487.1035916671
      },
      {
        "normal": [
          0.17797256375095657,
          -0.036444585237582885,
          0.9833603402409373
        ],
        "area_mm2": 272973.3157073532
      },
      {
        "normal": [
          -0.3951910674584795,
          0.9185876857294955,
          -0.004547947576356212
        ],
        "area_mm2": 235600.29430278606
      },
      {
        "normal": [
          0.39120959822424795,
          0.9202628845328822,
          0.008442369835641816
        ],
        "area_mm2": 227117.99541977144
      },
      {
        "normal": [
          -0.623366817725102,
          0.7706410371812352,
          0.13238656416536207
        ],
        "area_mm2": 44841.99271527182
      },
      {
        "normal": [
          -0.30151790112786064,
          -0.061025216793494666,
          0.9515055849624617
        ],
        "area_mm2": 42155.23766013672
      },
      {
        "normal": [
          0.5984970023336332,
          0.7846052631615661,
          -0.16185153449017653
        ],
        "area_mm2": 37365.88141385215
      },
      {
        "normal": [
          -0.03807531092489647,
          -0.32116771654426846,
          0.9462566081923618
        ],
        "area_mm2": 36743.6755886572
      },
      {
        "normal": [
          0.6352348996227443,
          0.7443743973265918,
          0.2058722392794983
        ],
        "area_mm2": 34682.22575139195
      },
      {
        "normal": [
          -0.2403813787385264,
          0.14465699290814854,
          0.9598391256656174
        ],
        "area_mm2": 32702.336156956717
      }
    ],
    "candidate_slab_count": 3918,
    "selected_slab_count": 1
  },
  "manufacturing_debug": null,
  "run_config": {
    "material": "plywood_baltic_birch",
    "target_height_mm": 750.0,
    "max_slabs": 4,
    "coverage_target": 0.8,
    "voxel_resolution_mm": 13.5,
    "optimize_iterations": 0,
    "run_simulation": false
  }
}