{
  "timestamp_utc": "2026-02-11T10:23:24.143310+00:00",
  "slot": "A",
  "mode": "manufacturing",
  "mesh_source": {
    "path": "/Users/alexanderlamb/projects/text-to-furniture/uploads/generated_mesh.glb",
    "vertices": 19115,
    "faces": 29998,
    "bounds": [
      [
        -0.9569410085678101,
        -0.308445006608963,
        -0.4460659921169281
      ],
      [
        0.9550129771232605,
        0.3062889873981476,
        0.444256991147995
      ]
    ],
    "extents": [
      1.9119539856910706,
      0.6147339940071106,
      0.8903229832649231
    ],
    "watertight": false,
    "surface_area": 4.612391472095538,
    "volume": 0.12403886138414505
  },
  "mesh_viewer": {
    "path": "/Users/alexanderlamb/projects/text-to-furniture/uploads/generated_mesh_normalized.glb",
    "vertices": 19115,
    "faces": 29998,
    "bounds": [
      [
        -0.9559769630432129,
        0.0,
        -0.44516149163246155
      ],
      [
        0.9559769630432129,
        0.6147339940071106,
        0.44516149163246155
      ]
    ],
    "extents": [
      1.9119539260864258,
      0.6147339940071106,
      0.8903229832649231
    ],
    "watertight": false,
    "surface_area": 4.612391460076402,
    "volume": 0.12403886116463896
  },
  "mesh_decomposition_mm": {
    "bounds": [
      [
        -1166.3300738593257,
        -543.1147813187054,
        0.0
      ],
      [
        1166.3300738593257,
        543.1147813187054,
        750.0
      ]
    ],
    "extents": [
      2332.6601477186514,
      1086.2295626374107,
      750.0
    ]
  },
  "parts_decomposition_mm_aabb": {
    "min": [
      -1286.4911375559584,
      -563.1738324011382,
      -595.6475000179524
    ],
    "max": [
      1651.3233558909985,
      547.4764376944094,
      753.3017987120458
    ],
    "extents": [
      2937.814493446957,
      1110.6502700955475,
      1348.9492987299982
    ]
  },
  "parts_viewer_aabb": {
    "min": [
      -1.0544664469927005,
      -0.48821968894184853,
      -0.44873650289155914
    ],
    "max": [
      1.353499469285465,
      0.6174402978866618,
      0.4616027990829904
    ],
    "extents": [
      2.4079659162781653,
      1.1056599868285102,
      0.9103393019745496
    ]
  },
  "fit_metrics": {
    "decomp_height_ratio_parts_to_mesh": 1.798599064973331,
    "decomp_width_ratio_parts_to_mesh": 1.2594267091672777,
    "decomp_depth_ratio_parts_to_mesh": 1.0224820869345908,
    "viewer_height_ratio_parts_to_mesh": 1.7985990649733308,
    "viewer_width_ratio_parts_to_mesh": 1.2594267484295636,
    "viewer_depth_ratio_parts_to_mesh": 1.0224820869345912
  },
  "decomposition_debug": {},
  "manufacturing_debug": {
    "patch_count": 0,
    "segment_count": 0,
    "candidate_count": 0,
    "assembly_steps": 7,
    "dfm_errors": 14,
    "dfm_warnings": 193
  },
  "run_config": {
    "material": "plywood_baltic_birch",
    "target_height_mm": 750.0,
    "max_slabs": 15,
    "coverage_target": 0.8,
    "voxel_resolution_mm": 5.0,
    "optimize_iterations": 50,
    "run_simulation": true
  }
}