{
  "timestamp_utc": "2026-02-12T03:53:29.861780+00:00",
  "slot": "A",
  "mode": "manufacturing",
  "mesh_source": {
    "path": "/Users/alexanderlamb/projects/text-to-furniture/uploads/generated_mesh.glb",
    "vertices": 19115,
    "faces": 29998,
    "bounds": [
      [
        -0.9569410085678101,
        -0.308445006608963,
        -0.4460659921169281
      ],
      [
        0.9550129771232605,
        0.3062889873981476,
        0.444256991147995
      ]
    ],
    "extents": [
      1.9119539856910706,
      0.6147339940071106,
      0.8903229832649231
    ],
    "watertight": false,
    "surface_area": 4.612391472095538,
    "volume": 0.12403886138414505
  },
  "mesh_viewer": {
    "path": "/Users/alexanderlamb/projects/text-to-furniture/uploads/generated_mesh_normalized.glb",
    "vertices": 19115,
    "faces": 29998,
    "bounds": [
      [
        -0.9559769630432129,
        0.0,
        -0.44516149163246155
      ],
      [
        0.9559769630432129,
        0.6147339940071106,
        0.44516149163246155
      ]
    ],
    "extents": [
      1.9119539260864258,
      0.6147339940071106,
      0.8903229832649231
    ],
    "watertight": false,
    "surface_area": 4.612391460076402,
    "volume": 0.12403886116463896
  },
  "mesh_decomposition_mm": {
    "bounds": [
      [
        -1166.4441304312854,
        -542.9763965577371,
        -7.470890997564903
      ],
      [
        1181.6566912436697,
        543.8652121618389,
        764.0479504099203
      ]
    ],
    "extents": [
      2348.100821674955,
      1086.841608719576,
      771.5188414074852
    ]
  },
  "parts_decomposition_mm_aabb": {
    "min": [
      -937.8628263319515,
      -173.98912458024415,
      629.870760599923
    ],
    "max": [
      -928.3378263319514,
      409.7111039152054,
      676.7150610602657
    ],
    "extents": [
      9.525000000000091,
      583.7002284954496,
      46.844300460342765
    ]
  },
  "parts_viewer_aabb": {
    "min": [
      -0.7472742467443313,
      0.5018710465521635,
      -0.32645131885487216
    ],
    "max": [
      -0.7396848775952437,
      0.5391958432686267,
      0.1386317789360686
    ],
    "extents": [
      0.007589369149087588,
      0.03732479671646316,
      0.46508309779094076
    ]
  },
  "fit_metrics": {
    "decomp_height_ratio_parts_to_mesh": 0.060716988291412956,
    "decomp_width_ratio_parts_to_mesh": 0.004056469769984445,
    "decomp_depth_ratio_parts_to_mesh": 0.5370609882916751,
    "viewer_height_ratio_parts_to_mesh": 0.060716988291412796,
    "viewer_width_ratio_parts_to_mesh": 0.003969430981332406,
    "viewer_depth_ratio_parts_to_mesh": 0.5223757069433659
  },
  "decomposition_debug": {
    "mesh_bounds_mm": [
      [
        -1166.4441304312854,
        -542.9763965577371,
        -7.470890997564903
      ],
      [
        1181.6566912436697,
        543.8652121618389,
        764.0479504099203
      ]
    ],
    "mesh_extents_mm": [
      2348.100821674955,
      1086.841608719576,
      771.5188414074852
    ],
    "candidate_count": 120,
    "candidate_count_after_dfm": 89,
    "selection_dfm_rejected_count": 31,
    "selected_slab_count": 1,
    "coverage_fraction": 0.002159691022306298,
    "objective_mode": "volume_fill",
    "objective_fraction": 0.002159691022306298,
    "surface_coverage_fraction": 0.0,
    "volume_fill_fraction": 0.002159691022306298,
    "target_volume_fill": 0.55,
    "plane_penalty_weight": 0.0005,
    "voxel_resolution_mm": 5.0,
    "intersection_count": 0,
    "joint_count": 0,
    "dfm_error_count": 0,
    "dfm_warning_count": 0,
    "pose_alignment_fix": true,
    "selected_source_histogram": {
      "ransac": 1
    },
    "selection_trace": [
      {
        "iteration": 1,
        "candidate_index": 13,
        "source": "ransac",
        "width_mm": 583.7002284954496,
        "height_mm": 46.84430046034265,
        "thickness_mm": 9.524999999999999,
        "new_voxels": 685,
        "contribution_fraction": 0.002159691022306298,
        "objective_score": 0.001659691022306298,
        "coverage_after": 0.002159691022306298,
        "objective_mode": "volume_fill",
        "dfm_rejected": false
      }
    ],
    "selection_stop_reason": "below_min_volume_contribution",
    "fit_ratios": [
      0.0,
      0.0,
      0.0
    ]
  },
  "manufacturing_debug": {
    "patch_count": 0,
    "segment_count": 0,
    "candidate_count": 120,
    "assembly_steps": 1,
    "dfm_errors": 0,
    "dfm_warnings": 0
  },
  "run_config": {
    "material": "plywood_baltic_birch",
    "target_height_mm": 750.0,
    "max_slabs": 10,
    "coverage_target": 0.8,
    "selection_objective_mode": "volume_fill",
    "target_volume_fill": 0.55,
    "min_volume_contribution": 0.002,
    "plane_penalty_weight": 0.0005,
    "voxel_resolution_mm": 5.0,
    "optimize_iterations": 50,
    "run_simulation": true
  }
}