{
  "timestamp_utc": "2026-02-12T05:22:47.831488+00:00",
  "slot": "A",
  "mode": "manufacturing",
  "mesh_source": {
    "path": "/Users/alexanderlamb/projects/text-to-furniture/uploads/generated_mesh.glb",
    "vertices": 19115,
    "faces": 29998,
    "bounds": [
      [
        -0.9569410085678101,
        -0.308445006608963,
        -0.4460659921169281
      ],
      [
        0.9550129771232605,
        0.3062889873981476,
        0.444256991147995
      ]
    ],
    "extents": [
      1.9119539856910706,
      0.6147339940071106,
      0.8903229832649231
    ],
    "watertight": false,
    "surface_area": 4.612391472095538,
    "volume": 0.12403886138414505
  },
  "mesh_viewer": {
    "path": "/Users/alexanderlamb/projects/text-to-furniture/uploads/generated_mesh_normalized.glb",
    "vertices": 19115,
    "faces": 29998,
    "bounds": [
      [
        -0.9559769630432129,
        0.0,
        -0.44516149163246155
      ],
      [
        0.9559769630432129,
        0.6147339940071106,
        0.44516149163246155
      ]
    ],
    "extents": [
      1.9119539260864258,
      0.6147339940071106,
      0.8903229832649231
    ],
    "watertight": false,
    "surface_area": 4.612391460076402,
    "volume": 0.12403886116463896
  },
  "mesh_decomposition_mm": {
    "bounds": [
      [
        -1166.4441304312854,
        -542.9763965577371,
        -7.470890997564903
      ],
      [
        1181.6566912436697,
        543.8652121618389,
        764.0479504099203
      ]
    ],
    "extents": [
      2348.100821674955,
      1086.841608719576,
      771.5188414074852
    ]
  },
  "parts_decomposition_mm_aabb": {
    "min": [
      -1540.826611951306,
      -566.6525582077834,
      658.6259173793637
    ],
    "max": [
      1362.9375499961498,
      554.1172835722887,
      768.8104504099323
    ],
    "extents": [
      2903.7641619474557,
      1120.769841780072,
      110.18453303056856
    ]
  },
  "parts_viewer_aabb": {
    "min": [
      -1.2277062417675921,
      0.5247827000680756,
      -0.44151187579209633
    ],
    "max": [
      1.0859670544959297,
      0.6125759909540403,
      0.45149978409592467
    ],
    "extents": [
      2.313673296263522,
      0.08779329088596466,
      0.893011659888021
    ]
  },
  "fit_metrics": {
    "decomp_height_ratio_parts_to_mesh": 0.142815090334746,
    "decomp_width_ratio_parts_to_mesh": 1.2366437314544838,
    "decomp_depth_ratio_parts_to_mesh": 1.031217274705251,
    "viewer_height_ratio_parts_to_mesh": 0.14281509033474593,
    "viewer_width_ratio_parts_to_mesh": 1.2101093361592528,
    "viewer_depth_ratio_parts_to_mesh": 1.0030198890443536
  },
  "decomposition_debug": {
    "mesh_bounds_mm": [
      [
        -1166.4441304312854,
        -542.9763965577371,
        -7.470890997564903
      ],
      [
        1181.6566912436697,
        543.8652121618389,
        764.0479504099203
      ]
    ],
    "mesh_extents_mm": [
      2348.100821674955,
      1086.841608719576,
      771.5188414074852
    ],
    "candidate_count": 164,
    "candidate_count_after_dfm": 158,
    "selection_dfm_rejected_count": 6,
    "selected_slab_count": 14,
    "coverage_fraction": 0.5660912745329866,
    "objective_mode": "volume_fill",
    "objective_fraction": 0.5660912745329866,
    "surface_coverage_fraction": 0.0,
    "volume_fill_fraction": 0.5660912745329866,
    "target_volume_fill": 0.55,
    "plane_penalty_weight": 0.0005,
    "voxel_resolution_mm": 5.0,
    "intersection_count": 26,
    "joint_count": 26,
    "dfm_error_count": 57,
    "dfm_warning_count": 3,
    "pose_alignment_fix": true,
    "selected_source_histogram": {
      "ransac": 14
    },
    "selection_trace": [
      {
        "iteration": 1,
        "candidate_index": 1,
        "source": "ransac",
        "width_mm": 579.1199999999999,
        "height_mm": 723.9,
        "thickness_mm": 9.524999999999999,
        "new_voxels": 16521,
        "contribution_fraction": 0.052087964057696855,
        "objective_score": 0.051587964057696854,
        "coverage_after": 0.052087964057696855,
        "objective_mode": "volume_fill",
        "dfm_rejected": false
      },
      {
        "iteration": 2,
        "candidate_index": 0,
        "source": "ransac",
        "width_mm": 579.1199999999999,
        "height_mm": 723.9,
        "thickness_mm": 9.524999999999999,
        "new_voxels": 16016,
        "contribution_fraction": 0.05049578308504769,
        "objective_score": 0.049995783085047686,
        "coverage_after": 0.10258374714274454,
        "objective_mode": "volume_fill",
        "dfm_rejected": false
      },
      {
        "iteration": 3,
        "candidate_index": 2,
        "source": "ransac",
        "width_mm": 555.4438383499535,
        "height_mm": 723.9,
        "thickness_mm": 9.524999999999999,
        "new_voxels": 15984,
        "contribution_fraction": 0.05039489240955308,
        "objective_score": 0.04989489240955308,
        "coverage_after": 0.15297863955229762,
        "objective_mode": "volume_fill",
        "dfm_rejected": false
      },
      {
        "iteration": 4,
        "candidate_index": 5,
        "source": "ransac",
        "width_mm": 517.973680130026,
        "height_mm": 723.9,
        "thickness_mm": 9.524999999999999,
        "new_voxels": 15080,
        "contribution_fraction": 0.04754473082683061,
        "objective_score": 0.04704473082683061,
        "coverage_after": 0.20052337037912824,
        "objective_mode": "volume_fill",
        "dfm_rejected": false
      },
      {
        "iteration": 5,
        "candidate_index": 9,
        "source": "ransac",
        "width_mm": 579.1199999999999,
        "height_mm": 723.9,
        "thickness_mm": 9.524999999999999,
        "new_voxels": 14925,
        "contribution_fraction": 0.04705604161740364,
        "objective_score": 0.04655604161740364,
        "coverage_after": 0.24757941199653188,
        "objective_mode": "volume_fill",
        "dfm_rejected": false
      },
      {
        "iteration": 6,
        "candidate_index": 6,
        "source": "ransac",
        "width_mm": 535.4365508704145,
        "height_mm": 723.9,
        "thickness_mm": 9.524999999999999,
        "new_voxels": 14748,
        "contribution_fraction": 0.04649799006857413,
        "objective_score": 0.04599799006857413,
        "coverage_after": 0.294077402065106,
        "objective_mode": "volume_fill",
        "dfm_rejected": false
      },
      {
        "iteration": 7,
        "candidate_index": 4,
        "source": "ransac",
        "width_mm": 517.973680130026,
        "height_mm": 723.9,
        "thickness_mm": 9.524999999999999,
        "new_voxels": 14666,
        "contribution_fraction": 0.04623945771261922,
        "objective_score": 0.04573945771261922,
        "coverage_after": 0.34031685977772524,
        "objective_mode": "volume_fill",
        "dfm_rejected": false
      },
      {
        "iteration": 8,
        "candidate_index": 12,
        "source": "ransac",
        "width_mm": 517.973680130026,
        "height_mm": 723.9,
        "thickness_mm": 9.524999999999999,
        "new_voxels": 14142,
        "contribution_fraction": 0.04458737290139513,
        "objective_score": 0.04408737290139513,
        "coverage_after": 0.3849042326791204,
        "objective_mode": "volume_fill",
        "dfm_rejected": false
      },
      {
        "iteration": 9,
        "candidate_index": 17,
        "source": "ransac",
        "width_mm": 511.7603892203683,
        "height_mm": 723.9,
        "thickness_mm": 9.524999999999999,
        "new_voxels": 11480,
        "contribution_fraction": 0.036194529833688024,
        "objective_score": 0.035694529833688024,
        "coverage_after": 0.42109876251280837,
        "objective_mode": "volume_fill",
        "dfm_rejected": false
      },
      {
        "iteration": 10,
        "candidate_index": 8,
        "source": "ransac",
        "width_mm": 579.1199999999999,
        "height_mm": 723.9,