{
  "timestamp_utc": "2026-02-11T20:05:40.281423+00:00",
  "slot": "A",
  "mode": "manufacturing",
  "mesh_source": {
    "path": "/Users/alexanderlamb/projects/text-to-furniture/uploads/generated_mesh.glb",
    "vertices": 19115,
    "faces": 29998,
    "bounds": [
      [
        -0.9569410085678101,
        -0.308445006608963,
        -0.4460659921169281
      ],
      [
        0.9550129771232605,
        0.3062889873981476,
        0.444256991147995
      ]
    ],
    "extents": [
      1.9119539856910706,
      0.6147339940071106,
      0.8903229832649231
    ],
    "watertight": false,
    "surface_area": 4.612391472095538,
    "volume": 0.12403886138414505
  },
  "mesh_viewer": {
    "path": "/Users/alexanderlamb/projects/text-to-furniture/uploads/generated_mesh_normalized.glb",
    "vertices": 19115,
    "faces": 29998,
    "bounds": [
      [
        -0.9559769630432129,
        0.0,
        -0.44516149163246155
      ],
      [
        0.9559769630432129,
        0.6147339940071106,
        0.44516149163246155
      ]
    ],
    "extents": [
      1.9119539260864258,
      0.6147339940071106,
      0.8903229832649231
    ],
    "watertight": false,
    "surface_area": 4.612391460076402,
    "volume": 0.12403886116463896
  },
  "mesh_decomposition_mm": {
    "bounds": [
      [
        -1166.4441304312854,
        -543.2912676117646,
        -2.9625630571470856
      ],
      [
        1181.6566912436701,
        544.0671194238124,
        768.5562783503383
      ]
    ],
    "extents": [
      2348.1008216749556,
      1087.358387035577,
      771.5188414074854
    ]
  },
  "parts_decomposition_mm_aabb": {
    "min": [
      -1216.7253639982455,
      -577.3277250797989,
      -441.7282751313184
    ],
    "max": [
      1231.973137422418,
      534.9034050678805,
      646.8531537310199
    ],
    "extents": [
      2448.6985014206634,
      1112.2311301476793,
      1088.5814288623383
    ]
  },
  "parts_viewer_aabb": {
    "min": [
      -0.9694675003087228,
      -0.3519620938122077,
      -0.4262025616970126
    ],
    "max": [
      0.9816166846885329,
      0.5154023484426434,
      0.46000558799302005
    ],
    "extents": [
      1.9510841849972556,
      0.8673644422548512,
      0.8862081496900327
    ]
  },
  "fit_metrics": {
    "decomp_height_ratio_parts_to_mesh": 1.4109589687744166,
    "decomp_width_ratio_parts_to_mesh": 1.0428421466476678,
    "decomp_depth_ratio_parts_to_mesh": 1.0228744666051752,
    "viewer_height_ratio_parts_to_mesh": 1.4109589687744166,
    "viewer_width_ratio_parts_to_mesh": 1.0204661097618213,
    "viewer_depth_ratio_parts_to_mesh": 0.9953782687269278
  },
  "decomposition_debug": {
    "mesh_bounds_mm": [
      [
        -1166.4441304312854,
        -543.2912676117646,
        -2.9625630571470856
      ],
      [
        1181.6566912436701,
        544.0671194238124,
        768.5562783503383
      ]
    ],
    "mesh_extents_mm": [
      2348.1008216749556,
      1087.358387035577,
      771.5188414074854
    ],
    "candidate_count": 140,
    "selected_slab_count": 7,
    "coverage_fraction": 0.6976212519761624,
    "voxel_resolution_mm": 5.0,
    "intersection_count": 16,
    "joint_count": 16,
    "dfm_error_count": 10,
    "dfm_warning_count": 3,
    "pose_alignment_fix": true
  },
  "manufacturing_debug": {
    "patch_count": 0,
    "segment_count": 0,
    "candidate_count": 0,
    "assembly_steps": 7,
    "dfm_errors": 10,
    "dfm_warnings": 3
  },
  "run_config": {
    "material": "plywood_baltic_birch",
    "target_height_mm": 750.0,
    "max_slabs": 15,
    "coverage_target": 0.8,
    "voxel_resolution_mm": 5.0,
    "optimize_iterations": 50,
    "run_simulation": true
  }
}